"item_ID","outcome_IDs","q_type","source_type","author_est_difficulty","tags","author","last_reviewed","textbook_chapter","stem_ex"
"Item_1",1.2,"num","rexams","easy","mean","Pisklak, J.","26-02-01","OpenIntro: 2.1","A student scored the following percentages on their end-of-year exams: Alchemy (82), Astrology (87), Falconry (78), Logic (89), Music (57), Swordsmanship (64), Tarot (81), and Xylomancy (98). What was their mean score?"
"Item_2",1.1,"num","rexams","easy","mode","Pisklak, J.","26-02-01","OpenIntro: 2.1","Let Φ (the Golden Ratio) be approximately 1.618033988… Including the 1 before the decimal, what is the mode of the first 21 digits of Φ?"
"Item_3",,"mchoice","rexams","easy","mean, parameters, statistics","Pisklak, J.","26-02-01",,
"Item_4",1.2,"num","rexams","medium","weighted mean, mean","Pisklak, J.","26-02-01",,
"Item_5",1.2,"num","rexams","medium","mean, histogram","Pisklak, J.","26-02-01","OpenIntro: 2.1","Two six-sided die were rolled repeatedly their values were plotted on the histogram below. What was the mean value obtained?"
"Item_6",1.4,"schoice","static","easy","histogram","Pisklak, J.","26-02-01","OpenIntro: 2.1",
"Item_7",1.2,"num","static","difficult","mean, algebra","Pierce, R. (27 May 2025). ""Question Database"". Math Is Fun.","26-02-01","OpenIntro: 2.1",
"Item_8",,"schoice","static","easy","standard deviation","Pisklak, J.","26-02-01","OpenIntro: 2.1",
"Item_9",1.2,"num","rexams","medium","datafile, mean","Pisklak, J.","26-02-01",,
