ques,stem,answer
item_1.Rmd,A student scored the following percentages on their end of the year exams:<br><br>* Alchemy: 47<br>* Astrology: 32<br>* Falconry: 37<br>* Logic: 89<br>* Music: 56<br>* Swordsmanship: 35<br>* Tarot: 46<br>* Xylomancy: 34<br><br>What was their mean score?<br>,47
item_2.Rmd,"$\Phi$ is a very sacred number called the ""Golden Ratio"". Some people believe that it has magick properties which allow us, mere mortals, to understand more than just the natural world. It is approximately equal to:<br><br>1.6180339887498948482045868343656381177203091798057<br><br>Including the 1 preceding the decimal, what is the mode of the first 21 digits of $\Phi$?<br>",8
item_3.Rmd,Which of the following is a valid way to label a sample mean? Select all that apply.<br>,FALSE TRUE TRUE FALSE FALSE
item_4.Rmd,A researcher had five different groups of rats in an experiment. Each group of rats was given a different dosage of caffeine. The number of rats in each group and their dosage in milligrams (mg) is below. What was the mean dose of caffeine across all the rats?<br><br>| Group   | Rats | Dose |<br>|---------|------|------|<br>| Control | 14   | 0    |<br>| A       | 9    | 4    |<br>| B       | 11   | 8    |<br>| C       | 6    | 16   |<br>| D       | 15   | 32   |,12.72727
item_5.Rmd,"Destinee rolled two six-sided die and plotted their values on the histogram below. What percentage of the rolls were either a 6, 7, or 8?<br><br>![](item_5.svg)<br>",35
item_6.Rmd,"The following histogram depicts the distribution of defence points for all of the Pokemon characters (up to generation VII) in the popular video game franchise Pokémon. According to the esteemed Pokémon Database, defence points, ""measure the ability to take attacks from other Pokémon; the higher the stat is, the fewer Hit Points will be lost when attacked.""<br><br>![Histogram of Pokémon Defence Point Values](item_6.svg)<br><br>Using inequalities (i.e., greater and less than symbols > <), choose the option that best describes this distribution:<br>",FALSE FALSE FALSE TRUE FALSE
item_7.Rmd,"<br>The mean of two numbers is 639.5, and one number is 37 more than the other. What is the value of the smaller of the two numbers?<br>",621
item_8.Rmd,"What happens to the sample standard deviation of the values below if 100 is added to each of them?<br><br>0.05, -0.42, -0.84, -2.04, -0.2, 0.24, 0.79, 2.46, -0.86, 1.3, 2.56, 1.8, -0.08, -1.51<br>",FALSE FALSE TRUE FALSE FALSE
item_9.Rmd,"Using the data file `pearson_lee_1903.csv`, convert the children's heights<br>into centimetres (the data file has them in inches). Then calculate the<br>mean height of all the children.<br><br>Note: 1 in = 2.54 cm<br>",167.7142933
